word,level,pos
apple,A1,noun
baby,A1,noun
bed,A1,noun
beautiful,A1,adjective
big,A1,adjective
bread,A1,noun
brother,A1,noun
bus,A1,noun
car,A1,noun
child,A1,noun
city,A1,noun
coffee,A1,noun
day,A1,noun
door,A1,noun
drink,A1,verb
eat,A1,verb
egg,A1,noun
family,A1,noun
father,A1,noun
friend,A1,noun
good,A1,adjective
happy,A1,adjective
hotel,A1,noun
house,A1,noun
kitchen,A1,noun
milk,A1,noun
morning,A1,noun
mother,A1,noun
night,A1,noun
room,A1,noun
school,A1,noun
sister,A1,noun
small,A1,adjective
street,A1,noun
table,A1,noun
time,A1,noun
today,A1,adverb
travel,A1,verb
water,A1,noun
week,A1,noun
abroad,A2,adverb
accident,A2,noun
afraid,A2,adjective
alone,A2,adjective
angry,A2,adjective
arrive,A2,verb
cloud,A2,noun
company,A2,noun
earn,A2,verb
forest,A2,noun
island,A2,noun
journey,A2,noun
luggage,A2,noun
manager,A2,noun
medicine,A2,noun
meeting,A2,noun
passport,A2,noun
storm,A2,noun
surprised,A2,adjective
worried,A2,adjective
